{"width":48,"height":60,"repeats":[{"bitmap":{"pixels":[0,0,0,0,0,0,0,0,0,0,0,0,0,0,3,0,3,0,0,0,3,0,0,0,3,0,0,0,3,0,0,0],"width":4,"height":8},"pos":[0,0],"area":[48,60]}],"yarnPalette":[{"h":44.229166666666664,"s":12.208333333333343,"l":91.54166666666667},{"h":20.229166666666664,"s":88.46875,"l":51.13541666666667},{"h":234.89583333333331,"s":91.39583333333333,"l":67.39583333333334}],"yarnSequence":{"pixels":[0,0,0,0,1,1,2,2],"width":1,"height":8}}